Model,Accuracy,Macro F1,Weighted F1
SVM,0.8218446601941748,0.8208164704128944,0.8208164704128944
BERT,0.8567961165048543,0.8572852166300324,0.8572852166300325
